evidence_status,population,scenario,active_arm,control_arm,active_n,active_responders,active_rate,control_n,control_responders,control_rate,risk_difference,rd_ci_low_newcombe,rd_ci_high_newcombe,risk_ratio,rr_ci_low,rr_ci_high,odds_ratio,or_ci_low,or_ci_high,fisher_exact_p,planning_success_rule_met,success_rule
observed_posthoc_exploratory,mITT,nominal_v8_missing_nonresponder,泰普格雷低剂量组,氯吡格雷组,202,160,0.7920792079207921,201,147,0.7313432835820896,0.06073592433870256,-0.022537430112524556,0.14305211178897093,1.083047080218226,0.9706166233005918,1.2085008125870091,1.3994169096209912,0.8823336761345189,2.2195318391481145,0.16199884499244677,False,two-sided 95% Newcombe/Wilson RD CI lower bound > 0
observed_posthoc_exploratory,mITT,nominal_v8_missing_nonresponder,泰普格雷高剂量组,氯吡格雷组,202,156,0.7722772277227723,201,147,0.7313432835820896,0.04093394414068274,-0.04340123753789869,0.12459713482414689,1.0559709032127702,0.9437302946727062,1.1815606161278431,1.2457852706299912,0.7917968325497339,1.9600747018916098,0.35804431647217655,False,two-sided 95% Newcombe/Wilson RD CI lower bound > 0
observed_posthoc_exploratory,mITT,nominal_v8_missing_nonresponder,泰普格雷低剂量组,泰普格雷高剂量组,202,160,0.7920792079207921,202,156,0.7722772277227723,0.01980198019801982,-0.06075467211351249,0.10007508142035189,1.0256410256410258,0.9253006296452468,1.136862420466828,1.1233211233211233,0.700065362646925,1.8024750450849534,0.7177945686060453,False,two-sided 95% Newcombe/Wilson RD CI lower bound > 0
observed_posthoc_exploratory,mITT,available_case,泰普格雷低剂量组,氯吡格雷组,179,160,0.8938547486033519,171,147,0.8596491228070176,0.03420562579633435,-0.03532375914108864,0.1047591484080294,1.039790217763083,0.9609589190237819,1.1250883628346267,1.3748657357679914,0.7233837054804281,2.6130748827601336,0.4157029899395852,False,two-sided 95% Newcombe/Wilson RD CI lower bound > 0
observed_posthoc_exploratory,mITT,available_case,泰普格雷高剂量组,氯吡格雷组,179,156,0.8715083798882681,171,147,0.8596491228070176,0.011859257081250574,-0.060210297859553716,0.08470553630456756,1.0137954623190057,0.933370199172539,1.101150690615327,1.1073646850044365,0.5988751568795063,2.047599623241172,0.756489919974754,False,two-sided 95% Newcombe/Wilson RD CI lower bound > 0
observed_posthoc_exploratory,mITT,available_case,泰普格雷低剂量组,泰普格雷高剂量组,179,160,0.8938547486033519,179,156,0.8715083798882681,0.022346368715083775,-0.045398892246677355,0.09031934068633041,1.0256410256410255,0.9509788592907628,1.1061649827447355,1.2415654520917678,0.650490108404174,2.3697282278580833,0.622645674946793,False,two-sided 95% Newcombe/Wilson RD CI lower bound > 0
observed_posthoc_exploratory,mITT,strict_d85_d95_missing_nonresponder,泰普格雷低剂量组,氯吡格雷组,202,155,0.7673267326732673,201,137,0.681592039800995,0.08573469287227231,-0.0015450386844630959,0.1713607549098229,1.1257859362578593,0.9972638978052614,1.2708712077768132,1.5406118962571829,0.9911078803949996,2.3947796822513565,0.05856266359433338,False,two-sided 95% Newcombe/Wilson RD CI lower bound > 0
observed_posthoc_exploratory,mITT,strict_d85_d95_missing_nonresponder,泰普格雷高剂量组,氯吡格雷组,202,147,0.7277227722772277,201,137,0.681592039800995,0.04613073247623267,-0.042807506777301274,0.13413090532801814,1.0676808556768085,0.9406600075357751,1.2118538052500418,1.2485733244857333,0.8130221321180154,1.9174574529184734,0.32714422865979953,False,two-sided 95% Newcombe/Wilson RD CI lower bound > 0
observed_posthoc_exploratory,mITT,strict_d85_d95_missing_nonresponder,泰普格雷低剂量组,泰普格雷高剂量组,202,155,0.7673267326732673,202,147,0.7277227722772277,0.03960396039603964,-0.045104581439370045,0.1236015079727323,1.054421768707483,0.9412888837240833,1.1811520199043555,1.2338978144449269,0.7867733586255086,1.9351237555269767,0.4228383608798601,False,two-sided 95% Newcombe/Wilson RD CI lower bound > 0
observed_posthoc_exploratory,mITT,locf_like_through_d95,泰普格雷低剂量组,氯吡格雷组,202,158,0.7821782178217822,201,140,0.6965174129353234,0.08566080488645877,-0.00011747314356480576,0.1698908450664349,1.1229844413012728,0.999271776800976,1.2620130826089595,1.5646103896103896,0.9981581288170369,2.452522902536514,0.054244857347081774,False,two-sided 95% Newcombe/Wilson RD CI lower bound > 0
observed_posthoc_exploratory,mITT,locf_like_through_d95,泰普格雷高剂量组,氯吡格雷组,202,147,0.7277227722772277,201,140,0.6965174129353234,0.03120535934190427,-0.05698994734488938,0.1187947514511281,1.0448019801980197,0.9227097976478512,1.1830492974155158,1.1645454545454546,0.7562379746733506,1.7933060241893586,0.5105534356245196,False,two-sided 95% Newcombe/Wilson RD CI lower bound > 0
observed_posthoc_exploratory,mITT,locf_like_through_d95,泰普格雷低剂量组,泰普格雷高剂量组,202,158,0.7821782178217822,202,147,0.7277227722772277,0.054455445544554504,-0.029492733595929785,0.1374650472749654,1.0748299319727892,0.9615171001388232,1.201496450242887,1.3435374149659864,0.8518702660534855,2.1189761602738586,0.24731761207814074,False,two-sided 95% Newcombe/Wilson RD CI lower bound > 0
observed_posthoc_exploratory,PPS,nominal_v8_missing_nonresponder,泰普格雷低剂量组,氯吡格雷组,177,154,0.8700564971751412,177,143,0.807909604519774,0.062146892655367214,-0.014870712004201841,0.1388474634300226,1.0769230769230769,0.9826010246952017,1.1802993121946117,1.5919732441471572,0.8948878310196066,2.832063105822809,0.14770985681606924,False,two-sided 95% Newcombe/Wilson RD CI lower bound > 0
observed_posthoc_exploratory,PPS,nominal_v8_missing_nonresponder,泰普格雷高剂量组,氯吡格雷组,180,154,0.8555555555555555,177,143,0.807909604519774,0.04764595103578151,-0.030341215456617804,0.12554113723640944,1.058974358974359,0.9643397604129531,1.1628958371320635,1.4082840236686391,0.8051866571533407,2.4631107255701044,0.25851948993405105,False,two-sided 95% Newcombe/Wilson RD CI lower bound > 0
observed_posthoc_exploratory,PPS,nominal_v8_missing_nonresponder,泰普格雷低剂量组,泰普格雷高剂量组,177,154,0.8700564971751412,180,154,0.8555555555555555,0.014500941619585705,-0.05785267178384454,0.08661647119869925,1.0169491525423728,0.9362017719982142,1.104660992735894,1.1304347826086956,0.6180002569313207,2.067770657696639,0.7591336897111265,False,two-sided 95% Newcombe/Wilson RD CI lower bound > 0
observed_posthoc_exploratory,PPS,available_case,泰普格雷低剂量组,氯吡格雷组,170,154,0.9058823529411765,165,143,0.8666666666666667,0.039215686274509776,-0.02964284669446579,0.10910777063210317,1.0452488687782806,0.9677821737817713,1.1289164310735043,1.4807692307692308,0.7479237270753255,2.9316859933928376,0.3024813912747404,False,two-sided 95% Newcombe/Wilson RD CI lower bound > 0
observed_posthoc_exploratory,PPS,available_case,泰普格雷高剂量组,氯吡格雷组,175,154,0.88,165,143,0.8666666666666667,0.013333333333333308,-0.05802389310421574,0.08577459903856141,1.0153846153846153,0.9362996937077694,1.1011494760581997,1.1282051282051282,0.5950119746802147,2.1391952859308976,0.7460602549900462,False,two-sided 95% Newcombe/Wilson RD CI lower bound > 0
observed_posthoc_exploratory,PPS,available_case,泰普格雷低剂量组,泰普格雷高剂量组,170,154,0.9058823529411765,175,154,0.88,0.025882352941176467,-0.040845792298596736,0.09251693891748396,1.0294117647058822,0.956862995231191,1.1074611376928036,1.3125,0.6598461851514482,2.6106936567415557,0.4887824990492122,False,two-sided 95% Newcombe/Wilson RD CI lower bound > 0
observed_posthoc_exploratory,PPS,strict_d85_d95_missing_nonresponder,泰普格雷低剂量组,氯吡格雷组,177,150,0.847457627118644,177,133,0.751412429378531,0.096045197740113,0.012463858382193244,0.1783491297665844,1.1278195488721805,1.015106395764138,1.253047897369169,1.8379281537176273,1.078587223426363,3.1318560287567765,0.0332147113333351,True,two-sided 95% Newcombe/Wilson RD CI lower bound > 0
observed_posthoc_exploratory,PPS,strict_d85_d95_missing_nonresponder,泰普格雷高剂量组,氯吡格雷组,180,145,0.8055555555555556,177,133,0.751412429378531,0.05414312617702455,-0.032108043005063716,0.1396975524506161,1.0720551378446117,0.9593788632692924,1.1979649151978726,1.3705692803437164,0.8292731238422102,2.2651887517089198,0.2515085512119901,False,two-sided 95% Newcombe/Wilson RD CI lower bound > 0
observed_posthoc_exploratory,PPS,strict_d85_d95_missing_nonresponder,泰普格雷低剂量组,泰普格雷高剂量组,177,150,0.847457627118644,180,145,0.8055555555555556,0.04190207156308845,-0.03719029002683388,0.12040941472472587,1.0520163646990064,0.956509467308195,1.1570595685885803,1.3409961685823755,0.7725400712819439,2.3277377976893567,0.3294009886980084,False,two-sided 95% Newcombe/Wilson RD CI lower bound > 0
observed_posthoc_exploratory,PPS,locf_like_through_d95,泰普格雷低剂量组,氯吡格雷组,177,152,0.8587570621468926,177,135,0.7627118644067796,0.096045197740113,0.014271620066530183,0.17674170387352756,1.125925925925926,1.0171555104016612,1.2463278011162249,1.8915555555555557,1.0949712368302826,3.2676496874115277,0.029429226400572574,True,two-sided 95% Newcombe/Wilson RD CI lower bound > 0
observed_posthoc_exploratory,PPS,locf_like_through_d95,泰普格雷高剂量组,氯吡格雷组,180,145,0.8055555555555556,177,135,0.7627118644067796,0.04284369114877595,-0.042605131758551934,0.12782017928924638,1.056172839506173,0.9470047201225097,1.1779255617292221,1.288888888888889,0.7769733352962894,2.1380844006284243,0.36825330608920526,False,two-sided 95% Newcombe/Wilson RD CI lower bound > 0
observed_posthoc_exploratory,PPS,locf_like_through_d95,泰普格雷低剂量组,泰普格雷高剂量组,177,152,0.8587570621468926,180,145,0.8055555555555556,0.053201506591337044,-0.024865402067672154,0.130660838654925,1.0660432495616599,0.9709966220836237,1.1703935771654115,1.4675862068965517,0.8371183401590652,2.572885064570144,0.2035964262626198,False,two-sided 95% Newcombe/Wilson RD CI lower bound > 0
